{"classes": ["apple_pie", "baby_back_ribs", "baklava", "beef_carpaccio", "beef_tartare", "beet_salad", "beignets", "bibimbap", "bread_pudding", "breakfast_burrito", "bruschetta", "caesar_salad", "cannoli", "caprese_salad", "carrot_cake", "ceviche", "cheese_plate", "cheesecake", "chicken_curry", "chicken_quesadilla", "chicken_wings", "chocolate_cake", "chocolate_mousse", "churros", "clam_chowder", "club_sandwich", "crab_cakes", "creme_brulee", "croque_madame", "cup_cakes", "deviled_eggs", "donuts", "dumplings", "edamame", "eggs_benedict", "escargots", "falafel", "filet_mignon", "fish_and_chips", "foie_gras", "french_fries", "french_onion_soup", "french_toast", "fried_calamari", "fried_rice", "frozen_yogurt", "garlic_bread", "gnocchi", "greek_salad", "grilled_cheese_sandwich"], "calories": {"apple_pie": 237, "baby_back_ribs": 360, "baklava": 334, "beef_carpaccio": 119, "beef_tartare": 245, "beet_salad": 148, "beignets": 239, "bibimbap": 489, "bread_pudding": 280, "breakfast_burrito": 590, "bruschetta": 125, "caesar_salad": 184, "cannoli": 275, "caprese_salad": 227, "carrot_cake": 415, "ceviche": 95, "cheese_plate": 455, "cheesecake": 321, "chicken_curry": 255, "chicken_quesadilla": 560, "chicken_wings": 203, "chocolate_cake": 371, "chocolate_mousse": 225, "churros": 116, "clam_chowder": 201, "club_sandwich": 590, "crab_cakes": 200, "creme_brulee": 279, "croque_madame": 585, "cup_cakes": 305, "deviled_eggs": 62, "donuts": 452, "dumplings": 41, "edamame": 122, "eggs_benedict": 625, "escargots": 90, "falafel": 333, "filet_mignon": 324, "fish_and_chips": 595, "foie_gras": 462, "french_fries": 312, "french_onion_soup": 295, "french_toast": 229, "fried_calamari": 275, "fried_rice": 163, "frozen_yogurt": 159, "garlic_bread": 350, "gnocchi": 250, "greek_salad": 180, "grilled_cheese_sandwich": 390}, "nutrition": {"apple_pie": {"calories": 237, "protein": 1.9, "carbs": 34, "fat": 11}, "baby_back_ribs": {"calories": 360, "protein": 25, "carbs": 12, "fat": 24}, "baklava": {"calories": 334, "protein": 4, "carbs": 33, "fat": 21}, "beef_carpaccio": {"calories": 119, "protein": 16, "carbs": 0, "fat": 8}, "beef_tartare": {"calories": 245, "protein": 28, "carbs": 2, "fat": 15}, "beet_salad": {"calories": 148, "protein": 3, "carbs": 13, "fat": 9}, "beignets": {"calories": 239, "protein": 3, "carbs": 28, "fat": 13}, "bibimbap": {"calories": 489, "protein": 15, "carbs": 75, "fat": 12}, "bread_pudding": {"calories": 280, "protein": 6, "carbs": 38, "fat": 12}, "breakfast_burrito": {"calories": 590, "protein": 25, "carbs": 60, "fat": 28}, "bruschetta": {"calories": 125, "protein": 4, "carbs": 18, "fat": 5}, "caesar_salad": {"calories": 184, "protein": 5, "carbs": 6, "fat": 15}, "cannoli": {"calories": 275, "protein": 4, "carbs": 34, "fat": 13}, "caprese_salad": {"calories": 227, "protein": 13, "carbs": 6, "fat": 18}, "carrot_cake": {"calories": 415, "protein": 4, "carbs": 54, "fat": 22}, "ceviche": {"calories": 95, "protein": 16, "carbs": 5, "fat": 2}, "cheese_plate": {"calories": 455, "protein": 25, "carbs": 5, "fat": 38}, "cheesecake": {"calories": 321, "protein": 6, "carbs": 26, "fat": 23}, "chicken_curry": {"calories": 255, "protein": 22, "carbs": 12, "fat": 14}, "chicken_quesadilla": {"calories": 560, "protein": 32, "carbs": 44, "fat": 28}, "chicken_wings": {"calories": 203, "protein": 20, "carbs": 0, "fat": 14}, "chocolate_cake": {"calories": 371, "protein": 4, "carbs": 53, "fat": 16}, "chocolate_mousse": {"calories": 225, "protein": 4, "carbs": 22, "fat": 15}, "churros": {"calories": 116, "protein": 1, "carbs": 15, "fat": 6}, "clam_chowder": {"calories": 201, "protein": 8, "carbs": 16, "fat": 12}, "club_sandwich": {"calories": 590, "protein": 28, "carbs": 48, "fat": 28}, "crab_cakes": {"calories": 200, "protein": 18, "carbs": 12, "fat": 10}, "creme_brulee": {"calories": 279, "protein": 5, "carbs": 22, "fat": 20}, "croque_madame": {"calories": 585, "protein": 26, "carbs": 40, "fat": 32}, "cup_cakes": {"calories": 305, "protein": 2, "carbs": 37, "fat": 16}, "deviled_eggs": {"calories": 62, "protein": 3, "carbs": 1, "fat": 5}, "donuts": {"calories": 452, "protein": 5, "carbs": 51, "fat": 25}, "dumplings": {"calories": 41, "protein": 2, "carbs": 6, "fat": 1}, "edamame": {"calories": 122, "protein": 11, "carbs": 10, "fat": 5}, "eggs_benedict": {"calories": 625, "protein": 32, "carbs": 28, "fat": 45}, "escargots": {"calories": 90, "protein": 16, "carbs": 2, "fat": 1}, "falafel": {"calories": 333, "protein": 13, "carbs": 32, "fat": 18}, "filet_mignon": {"calories": 324, "protein": 34, "carbs": 0, "fat": 18}, "fish_and_chips": {"calories": 595, "protein": 28, "carbs": 62, "fat": 25}, "foie_gras": {"calories": 462, "protein": 11, "carbs": 4, "fat": 44}, "french_fries": {"calories": 312, "protein": 3, "carbs": 41, "fat": 15}, "french_onion_soup": {"calories": 295, "protein": 12, "carbs": 25, "fat": 15}, "french_toast": {"calories": 229, "protein": 7, "carbs": 25, "fat": 11}, "fried_calamari": {"calories": 275, "protein": 18, "carbs": 32, "fat": 10}, "fried_rice": {"calories": 163, "protein": 6, "carbs": 32, "fat": 2}, "frozen_yogurt": {"calories": 159, "protein": 4, "carbs": 24, "fat": 6}, "garlic_bread": {"calories": 350, "protein": 8, "carbs": 41, "fat": 16}, "gnocchi": {"calories": 250, "protein": 5, "carbs": 52, "fat": 1}, "greek_salad": {"calories": 180, "protein": 6, "carbs": 9, "fat": 15}, "grilled_cheese_sandwich": {"calories": 390, "protein": 14, "carbs": 33, "fat": 22}}}